instrumento,bjd,vrad,svrad
ELODIE,681.5333946030587,-29.334268943116978,9.749162
ELODIE,681.5333946030587,-42.530609645780274,10.0
ELODIE,1027.5461060530506,44.46812335422008,11.0
ELODIE,1027.5461060530506,43.864464056882284,11.012725
ELODIE,1027.5587065983564,48.864464056882284,9.124825
ELODIE,1027.5587065983564,49.46812335422008,9.0
ELODIE,1032.6169093954377,5.064445056882039,9.239779
ELODIE,1056.5206960760988,79.4643570568828,8.764591
ELODIE,1056.5206960760988,73.46801635422024,9.0
ELODIE,1087.4162006042898,37.16424405688166,9.736213
ELODIE,1087.4162006042898,33.467903354220184,10.0
ELODIE,1123.4008754068054,85.46777135421915,11.0
ELODIE,1123.4008754068054,91.06411205688208,11.020628
ELODIE,1153.2479249299504,-67.83599694311808,18.039849
ELODIE,1154.2314382372424,13.4676583542191,13.0
ELODIE,1154.2314382372424,15.163999056882393,13.289595
ELODIE,1155.2232509111054,116.16399605688319,17.21309
ELODIE,1156.2254627957009,-53.532348645779635,10.0
ELODIE,1156.2254627957009,-51.83600794311816,10.088837
ELODIE,1158.2310869558714,56.16398505688311,10.804749
ELODIE,1158.2310869558714,54.467644354219814,11.0
HIRES-pre04,1341.1214188919403,26.0,1.779262
HIRES,1341.1214188919403,21.2,3.7
HIRES,1341.1214228924364,24.33,1.79
HIRES,1341.1215929067694,27.4,4.3
ELODIE,1352.5896412157454,90.46327305688327,10.511027
ELODIE,1352.5896412157454,85.46693235421888,11.0
ELODIE,1353.5885210582055,-32.53307164578065,10.0
ELODIE,1353.5885210582055,-27.536730943118084,9.614954
ELODIE,1354.5917007019743,-42.53307464577985,12.0
ELODIE,1354.5917007019743,-37.536733943117284,11.539796
COR,1355.8464994700626,98.44100850701078,7.0
COR,1355.8586004190147,81.44100850701078,7.0
ELODIE,1358.5986129492521,14.463251056883099,15.197542
ELODIE,1359.596089118626,73.46690635421918,12.0
ELODIE,1359.596089118626,78.46324705688174,11.693885
ELODIE,1360.5722630140372,0.4632440568825471,13.866464
ELODIE,1360.5722630140372,-4.5330966457800175,14.0
ELODIE,1361.5738381627016,-59.533100645779555,9.0
ELODIE,1361.5738381627016,-54.53675994311699,8.922472
ELODIE,1362.5920138363726,71.46323605688166,9.414728
ELODIE,1362.5920138363726,66.46689535421909,9.0
COR,1364.8400781550445,-79.55899149298922,9.0
COR,1364.8520790212788,-78.55899149298922,9.0
COR,1365.8375498522073,32.44100850701078,10.0
COR,1365.849650716409,42.44100850701078,11.0
COR,1366.8440213962458,89.44100850701078,8.0
COR,1366.8561222492717,70.44100850701078,8.0
COR,1367.8660932001658,-58.55899149298922,14.0
HIRES,1368.9447680744343,-14.9,4.7
HIRES-pre04,1368.9450760958716,-25.58,1.954586
HIRES,1368.9450760958716,-30.8,4.0
HIRES,1368.9450780958869,-25.37,2.11
HIRES,1372.1379836732522,-68.9,5.4
HIRES,1372.138423702214,-66.81,2.29
HIRES-pre04,1372.1384277022444,-67.23,2.200213
HIRES,1372.1384277022444,-72.5,4.3
HIRES-pre04,1373.0599702210166,53.38,1.897833
HIRES,1373.0599702210166,48.1,3.9
HIRES,1373.0599742215127,52.62,1.9
HIRES,1373.060044225771,63.4,4.2
HIRES,1374.05910889199,57.3,3.8
HIRES,1374.059328906238,46.5,3.5
HIRES-pre04,1374.059328906238,51.87,1.791134
HIRES,1374.059328906238,52.3,1.79
COR,1374.8616600483656,-21.558991492989218,13.0
COR,1374.8737608105876,-30.558991492989218,11.0
COR,1380.8116197190247,110.44100850701078,11.0
COR,1380.8237204100005,86.44100850701078,12.0
COR,1381.7879751808941,-28.558991492989218,9.0
COR,1381.800075860694,-23.558991492989218,9.0
COR,1382.805231853854,-51.55899149298922,12.0
COR,1382.8173325187527,-52.55899149298922,10.0
COR,1383.7921857461333,88.44100850701078,10.0
COR,1383.804286398925,81.44100850701078,11.0
COR,1384.7866389420815,89.44100850701078,11.0
COR,1384.7987395813689,66.44100850701078,10.0
COR,1385.7813910306431,-63.55899149298922,9.0
COR,1385.7934916559607,-48.55899149298922,9.0
COR,1386.780742214527,1.441008507010781,9.0
COR,1386.7928428263403,16.441008507010782,9.0
COR,1389.7889892272651,-55.55899149298922,11.0
COR,1389.8011897993274,-40.55899149298922,11.0
ELODIE,1390.5251236176118,27.26313405688278,11.503571
ELODIE,1390.5251236176118,31.466793354219124,12.0
COR,1390.7627345034853,79.44100850701078,9.0
COR,1390.7749350629747,66.44100850701078,9.0
ELODIE,1391.5722713223659,85.46678935421959,11.0
ELODIE,1391.5722713223659,81.26313005688324,10.82327
COR,1391.7615797473118,41.44100850701078,8.0
COR,1391.7736802869476,39.44100850701078,8.0
ELODIE,1392.4807116067968,-56.736872943117774,11.071184
ELODIE,1392.4807116067968,-52.53321364577961,11.0
COR,1392.7501233168878,-53.55899149298922,8.0
COR,1392.7621238389984,-79.55899149298922,7.0
COR,1393.766466846224,19.441008507010782,9.0
COR,1393.778467351105,20.441008507010782,9.0
COR,1394.7601081500761,87.44100850701078,9.0
COR,1394.772108640056,95.44100850701078,10.0
COR,1395.8034501587972,13.441008507010782,9.0
COR,1395.8154506287538,-6.558991492989219,11.0
COR,1398.8325641574338,67.44100850701078,14.0
COR,1399.793897839263,-95.55899149298922,12.0
COR,1400.8136321846396,-2.558991492989219,13.0
COR,1401.7574627562426,137.4410085070108,13.0
COR,1402.831296005752,26.441008507010782,11.0
COR,1403.7514233086258,-71.55899149298922,10.0
COR,1408.7508509168401,113.44100850701078,9.0
COR,1408.7628511767834,91.44100850701078,8.0
COR,1408.7749514379539,93.44100850701078,9.0
HIRES,1410.0176777443849,-46.9,4.1
HIRES-pre04,1410.0179347493686,-48.76,1.640514
HIRES,1410.0179347493686,-54.4,3.3
HIRES,1410.0179377496243,-47.3,1.78
HIRES,1410.9686243562028,-66.3,3.8
HIRES-pre04,1410.9686243562028,-60.7,1.88976
HIRES,1410.968626356218,-60.86,1.71
HIRES,1410.9686963576823,-58.2,4.3
HIRES,1411.9387140003964,67.8,4.7
HIRES,1411.9389040032402,71.28,1.92
HIRES-pre04,1411.9389080032706,68.3,2.04814
HIRES,1411.9389080032706,62.7,4.1
ELODIE,1417.4918889882974,-85.53330564577983,11.0
ELODIE,1417.4918889882974,-89.736964943118,10.817736
COR,1417.7104909718037,-78.55899149298922,7.0
COR,1417.7225910807028,-91.55899149298922,7.0
COR,1418.7552997628227,59.44100850701078,12.0
COR,1418.7674998492002,-15.558991492989218,15.0
ELODIE,1421.4791153334081,-75.73697894311728,9.877408
ELODIE,1421.4791153334081,-71.53331964578094,10.0
ELODIE,1421.491715378128,-44.533320645781274,10.0
ELODIE,1421.491715378128,-48.73697994311762,10.009398
ELODIE,1423.4727198006585,48.466672354219995,9.0
ELODIE,1423.4727198006585,44.26301305688183,9.459872
ELODIE,1423.4852198092267,41.26301305688183,9.868856
ELODIE,1423.4852198092267,45.466672354219995,10.0
COR,1431.7192759597674,-74.55899149298922,9.0
COR,1432.7086639609188,-7.558991492989219,12.0
COR,1433.671350910794,92.44100850701078,8.0
COR,1435.619720315095,-69.55899149298922,12.0
COR,1437.6415827106684,41.44100850701078,13.0
ELODIE,1438.4572659144178,-72.83704194311714,8.826514
ELODIE,1438.4572659144178,-74.53338264578043,9.0
COR,1438.6701612994075,-81.55899149298922,7.0
COR,1438.6823610323481,-86.55899149298922,7.0
HIRES,1438.813656266313,-81.2,3.4
HIRES-pre04,1438.813656266313,-76.43,1.776379
HIRES,1438.8136582663283,-75.1,4.5
HIRES,1438.8136582663283,-73.41,1.81
COR,1439.6568393353373,-11.558991492989218,10.0
COR,1439.6900385608897,-0.558991492989219,8.0
COR,1443.6645358237438,47.44100850701078,10.0
COR,1443.6762354834937,50.44100850701078,10.0
COR,1447.6548103629611,117.44100850701078,13.0
COR,1447.6664099614136,89.44100850701078,13.0
COR,1459.646803950891,-71.55899149298922,13.0
COR,1459.6584033635445,-51.55899149298922,15.0
COR,1463.5706982277334,-97.55899149298922,12.0
COR,1463.5822975905612,-75.55899149298922,11.0
COR,1464.5508439391851,53.44100850701078,9.0
COR,1464.5624432903714,33.44100850701078,9.0
COR,1465.6188834868371,83.44100850701078,11.0
COR,1465.6304828170687,45.44100850701078,12.0
ELODIE,1466.3877392294817,-72.5334846457804,9.0
ELODIE,1466.3877392294817,-78.53714394311784,9.069432
ELODIE,1467.3620820972137,-73.53714794311738,10.211603
ELODIE,1467.3620820972137,-67.53348864577994,10.0
COR,1480.5938077033497,-67.55899149298922,13.0
COR,1481.5313394432887,-51.55899149298922,9.0
COR,1484.5918113430962,-87.55899149298922,13.0
COR,1484.603410455864,-109.55899149298922,12.0
COR,1487.525385758374,-24.558991492989218,11.0
COR,1487.5369848506525,-43.55899149298922,11.0
COR,1488.5187079180032,-43.55899149298922,12.0
COR,1488.5303070023656,-107.55899149298922,10.0
COR,1494.545621628873,-36.55899149298922,10.0
COR,1497.5309730260633,35.44100850701078,10.0
COR,1497.5476716142148,49.44100850701078,7.0
COR,1497.5642702076584,16.441008507010782,12.0
COR,1497.5758692240342,65.44100850701078,13.0
COR,1497.5874682399444,40.44100850701078,15.0
ELODIE,1507.3488295972347,81.36270605688195,10.616363
ELODIE,1507.3488295972347,81.46636535421975,11.0
ELODIE,1508.2206533644348,16.362703056882754,8.29991
ELODIE,1508.2334522432648,21.362703056882754,8.468092
ELODIE,1508.246651086025,27.362703056882754,9.666208
ELODIE,1508.259049997665,12.362703056882754,8.958163
ELODIE,1508.2716488908045,21.362703056882754,8.496838
ELODIE,1508.284047800582,18.362703056882754,8.627824
ELODIE,1508.296646691393,15.362702056882416,8.685366
ELODIE,1508.3130452469923,15.362702056882416,8.721442
ELODIE,1508.3255441444926,31.362702056882416,8.590202
ELODIE,1508.3380430410616,34.36270205688241,8.818255
ELODIE,1508.350441946648,26.362702056882416,8.878512
ELODIE,1508.3629408413544,16.362702056882416,9.129307
ELODIE,1508.375639718026,-8.637297943117584,9.32622
ELODIE,1508.390938364435,-31.637297943117584,9.78874
ELODIE,1508.403537248727,-24.637297943117584,9.368384
ELODIE,1509.2540627475828,-88.63730094311678,8.458457
ELODIE,1509.266661638394,-95.63730094311678,8.584827
ELODIE,1509.2951591261663,-80.63730094311678,9.06785
ELODIE,1509.3080579871312,-91.63730094311678,9.008619
ELODIE,1509.3372554061934,-89.63730094311678,9.368151
ELODIE,1509.3497542995028,-82.63730094311678,9.484408
ELODIE,1509.3759519779123,-90.63730094311678,9.753123
ELODIE,1509.3924505147152,-104.63730194311712,10.552073
ELODIE,1509.4051493871957,-72.63730194311712,9.73179
ELODIE,1510.3161693960428,28.362695056881865,8.976205
ELODIE,1510.3286682888865,28.362695056881865,8.938185
ELODIE,1510.3642651312985,20.362695056881865,9.390655
ELODIE,1510.3766640299,29.362695056881865,10.14104
ELODIE,1510.3891629190184,28.362695056881865,10.519802
ELODIE,1510.4016618076712,38.36269505688186,9.800929
ELODIE,1510.4174604024738,34.36269505688186,10.631035
ELODIE,1511.3404792151414,63.362691056882326,11.152397
ELODIE,1511.3539780154824,58.362691056882326,10.36675
ELODIE,1541.223516998347,-93.23741794311674,13.586515
ELODIE,1542.2479359987192,52.76257805688191,16.212533
HIRES-pre04,1543.686830516439,-13.58,1.815251
HIRES,1543.686833516229,-14.72,1.82
HIRES,1543.6873234775849,-4.4,5.8
HIRES-pre04,1543.690869199112,-11.59,1.811578
HIRES,1543.6908731986769,-10.31,1.79
HIRES,1543.6913231634535,7.2,6.2
HIRES,1550.688419322949,-31.06,1.53
HIRES-pre04,1550.6884243222885,-30.58,1.550131
HIRES,1550.6887992951088,-13.1,5.8
HIRES,1550.6927990033291,-21.9,5.7
HIRES,1550.6928190020844,-31.48,1.76
HIRES-pre04,1550.6928220014088,-31.06,1.818355
HIRES,1551.693317559082,-86.4,3.8
HIRES,1551.693317559082,-81.68,1.99
HIRES-pre04,1551.693317559082,-84.02,1.8938
HIRES,1551.6937275296077,-69.8,6.4
HIRES,1551.698477187194,-78.32,1.55
HIRES-pre04,1551.6984791872092,-77.79,1.504456
HIRES,1551.6984791872092,-80.2,2.9
HIRES,1551.6987271690741,-61.8,5.9
HIRES-pre04,1552.7004225826822,41.63,1.966319
HIRES,1552.7004225826822,39.2,3.9
HIRES,1552.7004265827127,42.83,2.0
HIRES,1552.7006565667689,59.6,6.3
HIRES,1679.1058564628474,-25.73,1.64
HIRES-pre04,1679.1058604633436,-27.76,1.694866
HIRES,1679.1058604633436,-32.6,3.5
HIRES,1679.106286498718,-30.1,4.4
HIRES,1703.1223295014352,-72.9,4.1
HIRES-pre04,1703.1224865149707,-75.02,1.665061
HIRES,1703.1224865149707,-79.8,3.5
HIRES,1703.1224895152263,-75.29,1.73
HIRES,1704.0990027571097,14.53,1.58
HIRES,1704.0990057573654,8.9,3.1
HIRES-pre04,1704.0990057573654,13.69,1.571313
HIRES,1704.0994127923623,17.7,3.8
HIRES,1705.1064984439872,81.4,4.4
HIRES,1705.1068884772249,81.56,1.79
HIRES,1705.106892477721,76.1,4.1
HIRES-pre04,1705.106892477721,80.93,1.990224
HIRES,1706.1035830150358,-41.1,4.7
HIRES-pre04,1706.1039790487848,-38.36,1.734269
HIRES,1706.1039790487848,-43.2,3.5
HIRES,1706.103983049281,-38.92,1.66
HIRES,1707.1096680988558,-49.5,4.1
HIRES-pre04,1707.1097351042554,-49.04,1.780043
HIRES,1707.1097351042554,-53.9,3.6
HIRES,1707.1097381049767,-48.77,1.75
HAMILTON,1733.8182052895427,-89.27,4.5
HAMILTON,1733.8182082897983,10.41,8.916533
HAMILTON,1733.8269959059544,-18.22,3.89
HAMILTON,1733.8269979059696,13.09,7.194626
HAMILTON,1733.8377366582863,-11.46,3.66
HAMILTON,1733.8377406587824,12.62,6.771976
HAMILTON,1733.8465272737667,-17.84,3.77
HAMILTON,1733.8465302735567,2.03,7.370326
HAMILTON,1733.8543438203633,4.77,6.645802
HAMILTON,1733.8543478208594,-23.1,3.4
HAMILTON,1733.863133434672,8.27,7.42375
HAMILTON,1733.8631384349428,24.03,4.06
HAMILTON,1733.8719190484844,0.0,4.03
HAMILTON,1733.8719230485149,13.55,7.647273
HAMILTON,1733.8807096616365,17.57,4.37
HAMILTON,1733.8807126618922,3.08,7.431465
HAMILTON,1733.8885262063704,2.98,9.038444
HAMILTON,1733.8885302068666,-7.04,4.63
HAMILTON,1733.896338751074,5.61,6.727155
HAMILTON,1733.8963407510892,-5.72,3.57
HAMILTON,1733.905128362123,17.63,7.021865
HAMILTON,1733.9051313628443,16.98,3.6
HAMILTON,1733.9129419056699,20.98,6.682835
HAMILTON,1733.9129419056699,22.17,3.45
HAMILTON,1733.9217315162532,27.54,6.119292
HAMILTON,1733.921732516028,-0.97,3.32
HAMILTON,1733.929543058388,66.84,3.56
HAMILTON,1733.9295440581627,25.08,6.085068
HAMILTON,1733.9383336678147,16.95,6.325372
HAMILTON,1733.9383336678147,31.52,3.33
HAMILTON,1733.9461442087777,43.68,3.12
HAMILTON,1733.9461472090334,5.09,6.279991
HAMILTON,1733.9549348168075,27.13,2.88
HAMILTON,1733.9549368168227,-16.9,5.825688
HAMILTON,1733.9637254248373,-26.06,3.35
HAMILTON,1733.963726424612,-31.13,6.07786
HAMILTON,1733.9715359639376,-1.83,3.1
HAMILTON,1733.9715389641933,-36.19,5.898805
HAMILTON,1733.9803265701048,-72.7,3.41
HAMILTON,1733.9803285705857,-37.98,7.022248
HAMILTON,1733.9871650417335,-46.74,6.080713
HAMILTON,1733.9871670417488,-37.11,3.31
HAMILTON,1733.9939975123852,-41.95,3.27
HAMILTON,1733.9940015128814,-44.29,6.019102
HAMILTON,1750.9003057666123,61.22,9.91423
HAMILTON,1750.9003077666275,242.0,5.53
HAMILTON,1751.9120768192224,-56.7,8.012754
HAMILTON,1751.912079819478,125.49,4.97
HAMILTON,1752.8857577834278,-62.14,9.220145
HAMILTON,1752.8857587832026,110.91,5.19
HIRES,1754.9800003059208,39.0,4.3
HIRES-pre04,1754.9802783187479,32.64,1.525226
HIRES,1754.9802783187479,27.1,3.0
HIRES,1754.980280318763,32.4,1.51
HIRES,1755.0240023816004,29.6,3.7
HIRES,1755.0244324021041,24.49,1.61
HIRES-pre04,1755.0244354023598,25.43,1.594719
HIRES-pre04,1755.029701649677,20.78,1.664018
HIRES,1755.0297026494518,19.48,1.61
HIRES,1755.0300026633777,22.4,4.6
HIRES,1755.046003412921,25.1,3.8
HIRES-pre04,1755.04638043046,28.86,1.589856
HIRES,1755.04638343025,27.79,1.55
HIRES,1755.0580039727502,56.8,4.2
HIRES-pre04,1755.0581519799307,49.09,1.447827
HIRES,1755.058153979946,48.23,1.57
HIRES-pre04,1755.0725506502204,52.45,1.51398
HIRES,1755.0725546502508,53.09,1.67
HIRES,1755.0730046713725,55.2,3.9
HIRES,1755.0790049503557,48.7,3.8
HIRES-pre04,1755.0793339656666,51.3,1.397286
HIRES,1755.079334965907,50.12,1.49
HIRES,1755.084005182609,42.5,3.5
HIRES,1755.084435202647,43.85,1.46
HIRES-pre04,1755.0844382029027,45.96,1.393591
HIRES-pre04,1755.0898434533738,36.72,1.564453
HIRES,1755.089845453389,36.58,1.6
HIRES,1755.090005460661,37.3,4.1
HIRES,1755.0950056924485,33.4,3.8
HIRES,1755.095405710861,31.21,1.55
HIRES-pre04,1755.095410711132,33.93,1.459544
HIRES,1755.1009659683332,15.82,1.51
HIRES-pre04,1755.100966968108,15.53,1.662047
HIRES,1755.1010059700347,18.2,3.8
HIRES,1755.106006200891,10.4,4.2
HIRES-pre04,1755.1064532222226,6.8,1.337943
HIRES,1755.1064562220126,6.99,1.44
HIRES,1755.1120064784773,0.0,3.9
HIRES-pre04,1755.1124024968594,-5.0,1.572563
HIRES,1755.11240649689,-6.47,1.54
HIRES,1755.1180067551322,-8.4,4.2
HIRES-pre04,1755.1180967595428,-8.05,1.475399
HIRES,1755.1180967595428,-8.15,1.39
HIRES,1755.1230069855228,-19.3,4.2
HIRES-pre04,1755.1234450060874,-19.76,1.604203
HIRES,1755.1234470061027,-18.7,1.64
HIRES-pre04,1755.1287452504039,-29.05,1.424526
HIRES,1755.128747250419,-29.96,1.41
HIRES,1755.1290072621778,-28.9,4.2
HIRES,1755.1340074925683,-30.6,4.0
HIRES-pre04,1755.1344055105,-34.02,1.584719
HIRES,1755.1344075105153,-33.99,1.54
HIRES-pre04,1755.9767827582546,-76.28,1.781412
HIRES,1755.9767827582546,-81.9,3.5
HIRES,1755.976786758285,-78.25,1.67
HIRES,1755.9770467705093,-71.5,4.5
HAMILTON,1774.8455229084939,245.53,4.18
HAMILTON,1774.84552690899,41.08,8.924911
HAMILTON,1775.8816808015108,39.1,9.158642
HAMILTON,1775.8816838013008,235.77,4.51
ELODIE,1781.5135905784555,-13.638297943117788,9.290144
ELODIE,1781.5278907371685,-19.638297943117788,9.624876
ELODIE,1782.4835009030066,100.36169805688267,13.041476
COR,1782.77460364718,101.44100850701078,11.0
COR,1782.7865037522279,81.44100850701078,11.0
ELODIE,1783.5023102620617,-26.63830594311686,12.925709
COR,1783.628211243078,-56.55899149298922,11.0
ELODIE,1784.5027179731987,-48.63830894311788,19.306984
COR,1784.6820191442966,-40.55899149298922,13.0
COR,1785.6175247593783,60.44100850701078,12.0
COR,1785.629224827513,112.44100850701078,11.0
ELODIE,1786.4899289235473,67.36168305688305,12.961647
ELODIE,1786.5039289775304,95.36168305688305,22.171446
COR,1786.698529677,26.441008507010782,8.0
COR,1786.710229718592,36.44100850701078,8.0
ELODIE,1789.5303343776613,93.06167205688187,11.572163
COR,1789.7175342175178,82.44100850701078,7.0
COR,1790.6518329032697,-26.558991492989218,10.0
COR,1791.644630085677,-59.55899149298922,9.0
HIRES,1792.7968250340782,73.2,5.0
HIRES,1792.7969130333513,77.1,3.8
HIRES-pre04,1792.7969130333513,82.33,1.988636
HIRES,1792.7969150333665,79.17,1.86
COR,1793.6439200043678,52.44100850701078,14.0
COR,1795.6034044069238,-11.558991492989218,12.0
ELODIE,1804.3735660696402,12.761618056882515,9.746143
ELODIE,1804.386965776328,2.761618056882514,9.641008
ELODIE,1804.3994655022398,8.761618056882515,9.820427
ELODIE,1804.4120652237907,45.76161805688251,10.230454
ELODIE,1804.4246649444103,46.76161805688251,11.118252
ELODIE,1804.4372646631673,26.761618056882515,13.088236
ELODIE,1804.4507643613033,11.761618056882515,10.920972
ELODIE,1804.4637640686706,-4.238381943117486,10.710673
ELODIE,1804.476363784168,-18.238381943117485,11.01975
ELODIE,1804.488763502799,-33.23838294311783,11.516276
ELODIE,1804.5014632134698,-45.23838294311783,11.46806
ELODIE,1804.514062925242,-13.238382943117823,12.172606
ELODIE,1804.5266626360826,-15.238382943117823,12.584591
ELODIE,1804.5390623505227,-24.238382943117823,12.971259
ELODIE,1804.5515620610677,-21.238382943117823,14.735174
ELODIE,1804.5641617686488,-6.238382943117824,12.563002
COR,1843.6212820364162,-48.55899149298922,9.0
COR,1843.6330811954103,-61.55899149298922,10.0
COR,1861.5105951796286,-69.55899149298922,11.0
COR,1861.522394192405,-80.55899149298922,10.0
COR,1862.508411785122,-13.558991492989218,11.0
COR,1862.5202107918449,-3.558991492989219,9.0
COR,1863.5166270267218,80.44100850701078,13.0
COR,1863.5283260350116,114.44100850701078,13.0
COR,1864.5261416858993,-39.55899149298922,13.0
COR,1865.5404554852284,-41.55899149298922,14.0
COR,1868.515400341712,-69.55899149298922,10.0
COR,1868.5271993172355,-61.55899149298922,11.0
COR,1872.5240519330837,-24.558991492989218,15.0
COR,1872.5359508846886,-54.55899149298922,14.0
HIRES-pre04,1882.7074298593216,-77.8,1.804153
HIRES,1882.7074298593216,-79.0,3.8
HIRES,1882.7074348586611,-74.09,1.84
HIRES,1882.7075548479334,-71.4,6.3
HIRES,1883.7200834974647,2.8,4.1
HIRES-pre04,1883.7200834974647,4.04,2.008604
HIRES,1883.7200854970142,3.14,1.9
HIRES,1883.7204654635862,21.5,6.6
HIRES,1899.7296025389805,-15.25,1.47
HIRES,1899.7296035387553,-18.4,3.4
HIRES-pre04,1899.7296035387553,-16.9,1.647305
HIRES,1899.7300824983977,-4.7,5.4
HIRES,1900.7200001408346,-62.5,5.7
HIRES,1900.720280117821,-74.37,1.65
HIRES-pre04,1900.7202851171605,-76.16,1.564999
HIRES,1900.7202851171605,-77.7,3.3
HIRES,2063.112894054968,-32.4,4.7
HIRES,2063.112964060623,-52.16,1.87
HIRES,2063.1129660606384,-56.8,3.8
HIRES-pre04,2063.1129660606384,-51.99,1.833283
ELODIE,2075.595754855778,57.464283354218864,9.0
ELODIE,2075.595754855778,68.96062405688325,9.04678
HIRES,2102.007970339153,-37.7,4.9
HIRES,2102.00835736515,-50.8,4.0
HIRES-pre04,2102.00835736515,-45.47,1.980873
HIRES,2102.00836036494,-45.33,1.94
ELODIE,2111.54856232414,-72.53584764578001,12.0
ELODIE,2111.54856232414,-67.03950694311744,12.481203
ELODIE,2111.5635631834157,-57.53584764578001,12.0
ELODIE,2111.5635631834157,-52.039506943117445,11.928447
ELODIE,2112.559619558975,-36.535851645779545,9.0
ELODIE,2112.559619558975,-31.039510943116976,8.825631
ELODIE,2114.5956313698553,45.96048105688213,9.458409
ELODIE,2115.56828313414,-82.03952194311707,9.530584
ELODIE,2115.56828313414,-87.53586264577963,10.0
ELODIE,2116.587436201051,33.464133354219015,10.0
ELODIE,2116.587436201051,38.9604740568834,9.876521
ELODIE,2117.5158834899776,78.46413035421982,10.0
ELODIE,2117.5158834899776,83.96047105688238,10.115759
COR,2129.72320731543,-56.55899149298922,10.0
COR,2130.7255418817513,56.44100850701078,7.0
COR,2130.7372422781773,44.44100850701078,7.0
COR,2140.728111903649,-48.55899149298922,13.0
COR,2140.7398121356964,-30.558991492989218,11.0
COR,2142.7437493032776,22.441008507010782,7.0
COR,2143.7329655243084,-66.55899149298922,7.0
COR,2143.743665689137,-84.55899149298922,9.0
COR,2150.692039512098,-66.55899149298922,7.0
COR,2150.7038395763375,-70.55899149298922,8.0
ELODIE,2158.503638351802,-17.639678943117826,13.990312
ELODIE,2158.503638351802,-20.536019645780026,14.0
ELODIE,2158.516538270749,5.463980354219973,14.0
ELODIE,2158.516538270749,8.360321056882174,13.996609
ELODIE,2159.562831267249,87.36031705688264,11.44654
ELODIE,2159.562831267249,84.46397635422043,11.0
ELODIE,2160.5638230880722,19.360313056883104,18.041147
ELODIE,2161.363915519323,-59.536030645780116,14.0
ELODIE,2161.363915519323,-56.639689943117915,13.590792
COR,2161.68441217253,-70.55899149298922,12.0
COR,2162.68750085216,55.44100850701078,6.0
ELODIE,2163.528690259438,73.36030205688301,15.96616
ELODIE,2164.4193779001944,-32.639700943118,12.241355
ELODIE,2164.4193779001944,-35.5360416457802,12.0
COR,2165.6691585006192,-2.558991492989219,14.0
COR,2166.680541173555,84.44100850701078,10.0
COR,2168.6330035119317,-89.55899149298922,8.0
COR,2169.6808809982613,72.44100850701078,10.0
COR,2170.6717582573183,51.44100850701078,10.0
COR,2171.640334663447,-69.55899149298922,9.0
COR,2172.647508693859,-16.558991492989218,7.0
COR,2173.6378817479126,104.44100850701078,7.0
COR,2175.6585224568844,-87.55899149298922,9.0
COR,2177.6767575289123,42.44100850701078,9.0
COR,2178.626625041943,-50.55899149298922,14.0
COR,2184.6372910556383,80.44100850701078,7.0
COR,2184.6488905525766,74.44100850701078,8.0
ELODIE,2217.4012659690343,-75.5362356457804,12.0
ELODIE,2217.4012659690343,-81.93989494311747,12.21801
ELODIE,2218.3588914554566,-42.939898943117,9.948075
ELODIE,2218.3588914554566,-36.53623964577993,10.0
ELODIE,2247.2775313528255,49.65999505688204,13.415872
ELODIE,2247.2775313528255,50.46365435421875,13.0
ELODIE,2247.2908301721327,52.65999505688204,16.072024
COR,2439.9334927774034,-75.55899149298922,9.0
COR,2439.945393770002,-50.55899149298922,10.0
HIRES,2446.130101801362,-40.9,3.6
HIRES-pre04,2446.130101801362,-35.96,1.752457
HIRES,2446.130104802083,-33.69,1.75
HIRES,2446.1304048262537,-37.0,4.5
ELODIE,2508.4889711346477,87.05903905688182,16.999559
HIRES-pre04,2514.9703721939586,38.16,1.83301
HIRES,2514.9703721939586,32.7,3.7
HIRES,2514.970377193764,39.04,1.74
HIRES,2514.970847196877,42.7,4.1
ELODIE,2532.4713448607363,10.958951056882587,12.615697
ELODIE,2532.4713448607363,20.462610354220022,13.0
HIRES,2535.850453449879,0.0,2.09
HIRES,2535.850453449879,-4.6,4.0
HIRES-pre04,2535.850453449879,0.07,2.005513
HIRES,2535.8506734450348,14.8,5.0
ELODIE,2560.3209877335466,-48.94115094311702,20.25919
ELODIE,2561.29203283228,69.05884505688344,11.551555
ELODIE,2561.29203283228,44.46250435422051,12.0
ELODIE,2565.3741903896444,29.462489354219077,14.0
ELODIE,2565.3741903896444,54.058830056882,14.426835
ELODIE,2565.388689491432,30.058830056882005,16.759685
HIRES,2575.7336971005425,97.8,6.7
HIRES-pre04,2575.733905085828,93.13,1.949086
HIRES,2575.733905085828,90.8,4.0
HIRES,2806.9746517003514,-32.54,1.67
HIRES-pre04,2806.9746557008475,-28.13,1.811795
HIRES,2806.9746557008475,-33.0,3.6
HIRES,2836.0080978744663,70.2,3.3
HIRES-pre04,2836.0080978744663,75.59,1.600452
HIRES,2836.0081008751877,77.63,1.64
HIRES,2848.9726839717478,-63.2,1.82
HIRES-pre04,2848.972684971988,-63.26,1.912153
HIRES,2848.972684971988,-68.8,3.9
HIRES,2849.991241571959,66.6,3.2
HIRES-pre04,2849.991241571959,72.17,1.61289
HIRES,2849.99124357244,73.15,1.69
HIRES,2850.953544271644,52.7,3.2
HIRES-pre04,2850.953544271644,58.24,1.61326
HIRES,2850.9535492714494,59.45,1.66
ELODIE,2852.5576229332946,-53.942221943117616,12.377151
HARPS03,2853.7936865058728,41.84018640894327,0.979659
HARPS03,2853.8090949589387,36.17781440894258,1.737986
HARPS03,2853.8196668229066,36.552591408943485,1.978577
HIRES,2853.959374719765,80.5,3.4
HIRES-pre04,2853.959374719765,86.12,1.739084
HIRES,2853.959374719765,84.1,1.7
HARPS03,2854.776203966234,-12.157808591056448,1.632611
HARPS03,2854.7868995349854,7.479797408943784,1.61462
HIRES,2855.002926103305,-22.3,3.8
HIRES-pre04,2855.002926103305,-16.65,1.880083
HIRES,2855.0029291035607,-15.59,1.76
ELODIE,2855.554151963908,-67.9422329431177,9.755476
ELODIE,2855.5720526981167,-60.9422329431177,14.296776
HIRES,2856.011230666656,-66.34,1.92
HIRES-pre04,2856.011231666431,-68.65,1.951508
HIRES,2856.011231666431,-74.3,4.0
HARPS03,2856.768105249852,-21.951940591057348,1.880414
HARPS03,2856.779203357175,-23.7462345910567,1.880536
ELODIE,2886.4638709980063,49.357654056883334,11.556693
HIRES,2897.8218114697374,-74.52,1.83
HIRES-pre04,2897.8218164695427,-77.21,1.744303
HIRES,2897.8218164695427,-82.1,3.6
HIRES,2898.811402154155,-11.64,1.77
HIRES-pre04,2898.81140315393,-12.73,1.690836
HIRES,2898.81140315393,-17.6,3.5
ELODIE,2923.385015417356,-29.14248094311689,10.087959
HIRES-pre04,2924.7696364568546,77.56,1.690902
HIRES,2924.7696364568546,74.2,3.5
HIRES,2924.7696404564194,80.08,1.63
ELODIE,2955.3216934651136,-28.542597943117936,12.261111
HIRES-pre04,2987.7029994926415,78.45,1.808856
HIRES,2987.7029994926415,77.1,3.7
HIRES,2987.7030014926568,77.56,1.68
HIRES,2988.7120742122643,18.76,2.01
HIRES-pre04,2988.712078211829,17.17,1.8828
HIRES-pre04,3154.084978596773,50.01,2.04196
HIRES,3154.084978596773,45.2,4.1
HIRES,3154.0849805967882,51.13,1.9
HIRES,3180.0941755897366,-82.51,1.7
HIRES-pre04,3180.094176589977,-83.02,1.820365
HIRES,3180.094176589977,-88.0,3.7
HIRES,3182.0379291195422,74.25,1.81
HIRES,3182.0379301202483,68.6,3.5
HIRES-pre04,3182.0379301202483,73.61,1.822215
HIRES,3195.9050605837256,90.39,2.67
HIRES,3195.905062583741,81.1,4.9
HIRES-pre04,3195.905062583741,86.35,2.313404
HIRES,3196.9304901720025,-28.37,1.91
HIRES-pre04,3196.930491172243,-30.08,1.686608
HIRES,3196.930491172243,-35.3,3.4
ELODIE,3225.529133961536,-67.54358794311658,11.436931
HIRES,3238.9524913234636,19.24,1.64
HIRES-post04,3238.9524943237193,20.99,1.520997
HIRES-post04,3239.9134934311733,-74.4,1.41149
HIRES,3239.9134934311733,-79.4,3.9
HIRES,3239.9134964309633,-73.71,1.79
HIRES,3240.8953004870564,25.47,1.99
HIRES,3240.895301487297,19.4,4.3
HIRES-post04,3240.895301487297,23.79,1.490692
HARPS03,3261.5326335127465,-80.41757159105647,2.655788
HARPS03,3261.53469109023,-81.95342259105702,2.609482
HARPS03,3261.536742608063,-77.26239859105728,2.559078
HARPS03,3262.627701638732,61.13867440894363,2.334783
HARPS03,3262.6298096505925,56.9362314089435,2.20077
HARPS03,3262.6319534517825,56.771882408942915,2.060727
HIRES-post04,3301.701429564506,86.7,1.282927
HIRES,3301.701429564506,88.3,3.4
HIRES,3301.701432564296,90.38,1.68
HIRES,3302.8484542514198,-44.49,1.63
HIRES,3302.8484582509845,-51.1,4.2
HIRES-post04,3302.8484582509845,-47.67,1.331596
HIRES-post04,3302.850564104505,-48.73,1.267819
HIRES,3302.850564104505,-50.9,3.9
HIRES,3302.850564104505,-46.05,1.78
HARPS03,3305.60437363619,31.86488740894355,0.930347
HARPS03,3305.613146744203,29.66819440894368,0.923768
HARPS03,3305.621672539506,29.521461408944095,0.959027
HARPS03,3306.565244664438,-95.60069659105604,1.664503
HARPS03,3306.568540534936,-92.56436959105623,1.724292
HARPS03,3306.571749632247,-93.35905759105619,2.215365
HIRES,3338.7539899908006,-77.47,1.6
HIRES-post04,3338.7539929905906,-78.62,1.324263
HIRES,3338.7539929905906,-80.5,3.6
HIRES,3339.7537077502348,40.6,3.2
HIRES-post04,3339.7537077502348,38.36,1.294529
HIRES,3339.753711750265,42.53,1.51
HIRES,3367.694531245623,5.8,1.41
HIRES-post04,3367.6945352451876,5.1,1.156627
HIRES,3367.6945352451876,1.6,3.2
HIRES,3367.6972890244797,8.8,3.2
HIRES-post04,3367.6972890244797,8.74,1.241235
HIRES,3367.697291024495,8.38,1.57
HIRES,3368.700461833272,84.81,1.49
HIRES-post04,3368.7004628335126,82.28,1.098511
HIRES,3368.7004628335126,83.0,3.1
HIRES,3368.7047314937226,83.79,1.54
HIRES,3368.704733493272,81.8,3.0
HIRES-post04,3368.704733493272,81.05,1.100229
HIRES,3369.6883015627973,-37.2,3.2
HIRES-post04,3369.6883015627973,-38.88,1.110274
HIRES,3369.6883045625873,-36.43,1.54
HIRES,3369.6952920118347,-30.3,3.1
HIRES-post04,3369.6952920118347,-31.95,1.072984
HIRES,3369.6952940113842,-28.06,1.49
HIRES,3370.6956424824893,-64.1,3.5
HIRES-post04,3370.6956424824893,-61.19,1.235594
HIRES,3370.6991032124497,-61.6,3.0
HIRES-post04,3370.6991032124497,-61.96,1.208285
HARPS03,3600.7318900064565,31.548010408944254,2.23878
HARPS03,3600.74008413963,35.60805040894273,1.987535
HARPS03,3600.749026918318,38.660986408942776,1.872043
HIRES,3604.9466885267757,84.4,1.74
HIRES,3604.9466915270314,80.7,3.8
HIRES-post04,3604.9466915270314,87.91,1.321426
HARPS03,3606.7157011912204,-100.0323495910575,1.168362
HARPS03,3607.7222671448253,29.405379408943634,0.822955
HARPS03,3608.7015619538724,36.60920940894401,0.766785
HARPS03,3872.9028354934417,46.63275840894356,1.222992
HARPS03,3872.9062704504468,42.39812240894251,1.221457
HARPS03,3872.9098664615303,46.00684240894269,1.399287
ELODIE,3961.4556024386548,71.05371605688241,17.813071
HIRES,3968.9867516113445,-38.85,1.83
HIRES-post04,3968.986755611375,-30.99,1.342888
HIRES-post04,4251.103176007513,-62.83,1.586939
HIRES,4251.103177007753,-62.39,1.77
HIRES-post04,4251.104716140311,-60.89,1.578879
HIRES,4251.104717140552,-59.14,2.08
HIRES,4251.106277275365,-59.47,1.94
HIRES-post04,4251.106278275605,-63.03,1.562113
HIRES-post04,4252.079718801193,-40.1,1.357544
HIRES,4252.079720801208,-40.97,1.74
HIRES,4601.11467620451,-27.94,1.81
HIRES,4666.990636295639,-48.04,1.79
HIRES-post04,4667.984358894173,-46.57,1.424953
HIRES,4667.984363893978,-42.61,1.72
HIRES-post04,4671.971523272339,17.92,1.303056
HIRES,4671.97152427258,18.49,1.64
HIRES,4673.080952435266,80.57,1.69
HIRES-post04,4673.080956435297,77.11,1.321331
HIRES,4675.96879720455,85.74,1.94
HIRES-post04,4675.968798204791,81.65,1.386096
HIRES-post04,4675.971425332595,81.26,1.48123
HIRES,4675.97142733261,84.53,1.67
HIRES-post04,4838.7408877508715,76.36,1.157134
HIRES,4838.743859535083,75.96,1.68
HIRES-post04,5048.954629568849,3.84,1.712458
HIRES,5109.745915847365,95.22,2.07
HIRES-post04,5109.750224647578,88.38,1.697354
HIRES-post04,5189.688618965447,-40.16,1.497515
HIRES,5189.690486811101,-39.87,1.76
HIRES,5427.094876254909,83.55,1.94
HIRES-post04,5427.099827354308,85.41,1.461379
HARPS03,5522.515309757553,41.23387440894338,0.91312
HIRES,5729.087844009511,-27.1,1.73
HIRES-post04,5729.089138117153,-24.0,1.709369
HIRES,5731.0974502111785,-12.1,1.96
HIRES-post04,5731.098915331531,-6.84,1.567261
HIRES,5782.859097543638,93.14,2.0
HIRES-post04,5782.863783708308,84.58,1.515308
HIRES,6207.72994808387,-78.46,2.02
HIRES-post04,6207.734147878364,-85.56,1.63497
HIRES,6529.787968271878,68.92,1.88
HIRES-post04,6529.7930323351175,69.33,1.572205
HIRES-post04,6638.742904265877,11.94,1.610608
HIRES,6638.743755191099,11.68,1.88
HIRES,6889.069682954811,28.13,2.0
HIRES-post04,6889.074659049045,29.46,1.486097
HIRES-post04,7211.136368429288,39.17,1.511742
HIRES-post04,7265.835242063738,-34.12,1.611244
HIRES-post04,7586.014977356885,-88.94,1.552778
HIRES-post04,7910.031755050644,-74.57,1.535106
HIRES-post04,8118.689173570834,-40.98,1.56117
HIRES-post04,8301.135608788114,-68.43,1.667155
HIRES-post04,8490.718403444625,34.0,1.457774
ESPR19,8684.665416786913,16.614320629182192,0.907501
ESPR19,8684.668255395722,16.612232629182916,0.814437
ESPR19,8684.670811258256,18.45333962918311,0.628509
ESPR19,8684.673514629249,16.104984629183026,0.606009
ESPR19,8684.67629149463,14.854726629182995,0.619584
ESPR19,8684.678986074869,15.478553629182432,0.556588
ESPR19,8684.681716207415,14.66537362918324,0.518587
ESPR19,8684.684438819531,13.920643629182894,0.518878
ESPR19,8684.687105787918,13.648958629183188,0.493954
ESPR19,8684.689884803258,14.99512762918356,0.519874
ESPR19,8684.692620685324,10.981138629182613,0.522003
ESPR19,8684.695347207598,15.531256629181815,0.511429
ESPR19,8684.698097680695,11.703090629182487,0.494194
ESPR19,8684.700820472091,12.423778629181914,0.484079
ESPR19,8684.703552144114,10.983313629182238,0.496988
ESPR19,8684.706315218005,13.815655629181936,0.528989
ESPR19,8684.709038579836,21.920958629182213,0.498361
ESPR19,8684.71172272833,26.015256629182193,0.489558
ESPR19,8684.71450725384,31.665377629182775,0.475507
ESPR19,8684.71724209562,39.30369262918292,0.486109
ESPR19,8684.71995349601,45.22131162918275,0.486415
ESPR19,8684.722693427932,46.50704362918303,0.486887
ESPR19,8684.725423079915,47.26053062918298,0.486689
ESPR19,8684.728132739663,48.006130629183176,0.474419
ESPR19,8684.73085438041,45.64084962918285,0.479417
ESPR19,8684.733575401362,45.08660962918337,0.486037
ESPR19,8684.736355445348,42.068631629183514,0.485399
ESPR19,8684.739091406576,42.78107962918192,0.481807
ESPR19,8684.741800306365,37.906527629182605,0.458629
ESPR19,8684.744554408826,34.831826629183055,0.462645
ESPR19,8684.747305881232,32.71976662918358,0.459347
ESPR19,8684.75005301321,27.174152629183016,0.438986
ESPR19,8684.752798674628,24.75802662918294,0.425578
ESPR19,8684.75553289568,20.059418629182336,0.428882
ESPR19,8684.758267866913,16.696046629182536,0.437362
ESPR19,8684.761017578654,11.375588629182392,0.43734
ESPR19,8684.763770449907,9.935375629182534,0.447168
ESPR19,8684.766462628264,0.9615156291824745,0.445638
ESPR19,8684.769257642794,-1.5980713708172631,0.439588
ESPR19,8684.77197890263,-5.758494370816618,0.427277
ESPR19,8684.774728443474,-12.74439537081663,0.424344
ESPR19,8684.777471494861,-14.052030370817658,0.422175
ESPR19,8684.780179173686,-18.93337537081744,0.428038
ESPR19,8684.7829162837,-22.88255137081752,0.43632
ESPR19,8684.78569964692,-26.812820370817928,0.450609
ESPR19,8684.788423266262,-30.531666370817685,0.447084
ESPR19,8684.7911630366,-31.81817037081738,0.451478
ESPR19,8684.793904607184,-35.70295537081758,0.451238
ESPR19,8684.796604025178,-36.34869337081683,0.460115
ESPR19,8684.799383047502,-41.51739837081688,0.450041
ESPR19,8684.80210885685,-41.66282737081703,0.449036
ESPR19,8684.804872468114,-42.74337637081727,0.453255
ESPR19,8684.807584536262,-43.10101537081711,0.455219
ESPR19,8684.810311505571,-42.08079137081724,0.459609
ESPR19,8684.81306973612,-41.40273337081773,0.449159
ESPR19,8684.81581453653,-33.947361370817376,0.434693
ESPR19,8684.818559906445,-29.93315737081822,0.425343
ESPR19,8684.821305766236,-21.395641370817895,0.421554
ESPR19,8684.824020444416,-17.166945370817768,0.419555
ESPR19,8684.826755063608,-10.89424237081722,0.42195
ESPR19,8684.829501172993,-7.379837370817325,0.428904
ESPR19,8684.832239342388,-6.683787370816856,0.437255
ESPR19,8684.834987112321,-6.730154370817684,0.44258
ESPR19,8684.837701260112,-8.284344370816608,0.43049
ESPR19,8684.840408667456,-7.028837370816757,0.442195
ESPR19,8684.843146026134,-9.965348370816638,0.422602
ESPR19,8684.845853553154,-7.9882563708174645,0.421534
ESPR19,8684.848583341576,-9.627987370816765,0.421992
ESPR19,8684.851343081798,-9.37956537081801,0.42136
ESPR19,8684.85408954043,-8.75772337081754,0.413216
ESPR19,8684.856826509349,-12.30093137081668,0.417292
ESPR19,8684.85957641853,-10.043763370816588,0.424284
ESPR19,8684.862326937728,-11.308946370817932,0.438368
ESPR19,8684.865084866993,-13.340372370817487,0.453069
ESPR19,8684.867789863609,-9.21388137081659,0.441544
ESPR19,8684.870501730125,-13.21793337081682,0.437088
ESPR19,8684.873262600042,-12.26025437081763,0.44385
ESPR19,8684.875994867645,-12.13892237081701,0.454799
ESPR19,8684.878752516583,-12.9490163708174,0.451193
ESPR19,8684.881489925086,-12.802531370818098,0.442146
ESPR19,8684.884207181633,-15.368965370816579,0.446639
ESPR19,8684.886890706606,-15.086997370817254,0.449917
ESPR19,8684.889668726828,-16.343366370817886,0.460155
ESPR19,8684.892381472513,-13.771265370818139,0.442823
ESPR19,8684.895138891414,-16.537223370818094,0.447267
ESPR19,8684.89784373762,-16.133300370816425,0.434375
ESPR19,8684.90055387374,-17.36463837081784,0.460141
ESPR19,8684.903338383883,-18.082295370817075,0.459997
ESPR19,8684.906060360372,-17.76955537081768,0.463867
ESPR19,8696.763894953765,-43.87852637081734,0.649382
ESPR19,8696.772197704762,-43.06513237081664,0.701146
ESPR19,8696.780623370782,-42.04085537081802,0.651923
ESPR19,8696.788432318717,-40.56071637081688,0.731714
ESPR19,8696.796821841504,-37.83901037081661,0.826402
ESPR19,8696.80563640315,-38.58678237081723,0.596243
ESPR19,8696.813829996157,-38.03187237081649,0.48943
ESPR19,8696.821590478998,-37.0476603708171,0.463557
ESPR19,8696.829851904418,-36.6078573708178,0.510858
ESPR19,8696.837984093,-35.314322370817095,0.528009
ESPR19,8696.846336380113,-33.834444370816996,0.522489
ESPR19,8696.854513729922,-31.871146370816415,0.584069
ESPR19,8696.862863586284,-30.42302537081697,0.591008
ESPR19,8718.593710294925,49.25617262918284,0.401968
ESPR19,8718.601768704597,50.75918962918193,0.4487
ESPR19,8718.610201810021,51.44119862918204,0.357913
ESPR19,8718.618313619401,53.129328629182496,0.349017
ESPR19,8718.62655088026,53.692126629183335,0.317025
ESPR19,8718.63466499839,54.46454262918313,0.309352
ESPR19,8718.642916798126,55.275783629182556,0.398881
ESPR19,8718.651332240086,56.00452262918269,0.358001
ESPR19,8718.659488057252,56.35085762918287,0.323129
ESPR19,8718.667805976234,56.94319362918257,0.299097
ESPR19,8718.675839589909,57.05551062918356,0.279327
ESPR19,8718.684124197345,58.414027629182314,0.29693
ESPR19,8737.537170854397,21.569596629182787,0.592288
ESPR19,8737.54000617098,21.02103462918284,0.574738
ESPR19,8737.542676350102,18.839845629182026,0.585049
ESPR19,8737.545477117412,20.144580629183555,0.579912
ESPR19,8737.54824249493,17.348277629182565,0.611187
ESPR19,8737.551053642295,18.61747062918265,0.584167
ESPR19,8737.553732930683,14.812843629183124,0.588268
ESPR19,8737.556484787725,18.362523629183205,0.559855
ESPR19,8737.559271825477,17.43417862918294,0.537345
ESPR19,8737.561988043133,18.044716629181938,0.505
ESPR19,8737.564662631601,15.939080629183525,0.537652
ESPR19,8737.567440328654,17.31769062918328,0.545155
ESPR19,8737.570159755647,14.088531629182842,0.551917
ESPR19,8737.5729052932,15.921453629182441,0.502613
ESPR19,8737.575596760958,14.600834629182362,0.531364
ESPR19,8737.578330268618,15.424998629182017,0.511971
ESPR19,8737.581070865504,21.158380629182364,0.528687
ESPR19,8737.583810722921,27.409310629182517,0.581965
ESPR19,8737.586587249301,34.658001629183204,0.653109
ESPR19,8737.589340985753,40.64357962918301,0.633694
ESPR19,8737.592060963158,47.22759062918202,0.589294
ESPR19,8737.594838109333,48.93069662918286,0.592779
ESPR19,8737.597504546866,52.5734996291835,0.555961
ESPR19,8737.600322342478,51.676964629181825,0.642786
ESPR19,8737.603076739237,49.170397629183284,0.645371
ESPR19,8737.605841545388,48.1953056291827,0.629652
ESPR19,8737.608532442711,45.17346362918259,0.612248
ESPR19,8737.611342348158,44.57910162918277,0.563853
ESPR19,8737.614024424925,41.90466662918196,0.57929
ESPR19,8737.61679238081,39.49276962918201,0.606311
ESPR19,8737.61944275815,36.35891362918345,0.576021
ESPR19,8737.622252263594,32.70438662918285,0.624422
ESPR19,8737.625039548613,27.095825629181935,0.585465
ESPR19,8737.627763835248,22.940028629182496,0.556941
ESPR19,8737.630518590566,20.19567562918245,0.566888
ESPR19,8737.633264605887,13.946031629182915,0.547742
ESPR19,8737.635971351992,11.768108629181814,0.567305
ESPR19,8737.638701518066,5.323970629182884,0.598147
ESPR19,8737.641486322973,1.3912676291824821,0.545602
ESPR19,8737.64413741976,-3.4710393708169365,0.551115
ESPR19,8737.646920864936,-7.2130483708165345,0.550411
ESPR19,8737.649627030361,-11.771627370816997,0.518529
ESPR19,8737.65237627551,-15.973502370817652,0.564751
ESPR19,8737.655120910611,-21.614312370816616,0.55522
ESPR19,8737.657843416091,-25.0786073708182,0.562555
ESPR19,8737.660617970396,-27.722739370817646,0.517606
ESPR19,8737.663331195712,-29.790474370818185,0.513413
ESPR19,8737.666116520297,-33.43788637081663,0.532639
ESPR19,8737.668835745193,-35.889572370816964,0.547071
ESPR19,8737.671527660452,-36.203255370817274,0.587343
ESPR19,8737.67435340397,-38.86990137081695,0.608435
ESPR19,8737.677122038323,-39.90020237081764,0.562981
ESPR19,8737.679756514262,-39.80495437081801,0.528166
ESPR19,8737.682557587977,-40.50954737081658,0.587353
ESPR19,8737.685321921948,-39.98835037081655,0.533684
ESPR19,8737.688015297055,-35.38011137081732,0.548973
ESPR19,8737.690765290987,-29.16553437081667,0.5202
ESPR19,8737.693484595511,-22.235056370816448,0.49001
ESPR19,8737.696177890059,-15.093681370817205,0.563596
ESPR19,8737.699037512764,-12.351759370817955,0.567965
ESPR19,8737.701692298055,-6.268878370817686,0.514758
ESPR19,8737.704442581628,-4.681150370817261,0.517088
ESPR19,8737.707217374817,-6.6375363708171,0.533263
ESPR19,8737.709936419036,-5.240789370818232,0.525818
ESPR19,8737.712682962418,-7.063652370817647,0.489091
ESPR19,8737.715393706225,-6.406887370817924,0.48103
ESPR19,8737.718084310181,-6.899666370818079,0.531877
ESPR19,8737.720908882562,-8.956416370817816,0.509947
ESPR19,8737.723558757454,-8.388411370816822,0.488673
ESPR19,8737.726345070172,-8.2735213708179,0.620567
ESPR19,8737.729096213356,-8.905847370816911,0.520975
ESPR19,8737.731830236502,-8.631261370817366,0.530326
ESPR19,8737.73450318072,-9.455182370816612,0.532273
ESPR19,8737.737281163223,-8.143974370817443,0.555504
ESPR19,8737.739959776867,-11.518147370817598,0.582797
ESPR19,8737.742751869373,-8.438322370816888,0.584377
ESPR19,8737.74551922176,-11.300464370816837,0.643683
ESPR19,8737.748179225717,-9.984867370817948,0.730285
ESPR19,8737.751036356669,-11.151927370817713,0.636168
ESPR19,8737.753707440104,-11.400709370816468,0.722701
ESPR19,8737.756470912602,-12.635894370817834,0.70927
ESPR19,8737.759259504732,-14.668914370816776,0.842316
ESPR19,8737.761976737529,-12.369804370816848,0.67154
ESPR19,8737.764673060272,-12.686575370816637,0.680368
ESPR19,8737.767383553088,-12.709820370816953,0.773163
HIRES-post04,8739.013800681103,-58.14,1.540281
